dataset,system,config,status,recall,precision,f2,fp_per_1k_lines,pr_auc,precision_at_recall_0.95,precision_at_recall_0.99,best_f2_threshold,seconds,run_dir,note
sessions_from_Nemotron-PII.jsonl,promptguard,predictor=mock,ok,0.2062,0.7097,0.2402,3.1021,,,,,7.1,/Users/jungwoo/jw/CAU/26-2/CapstoneDesign/promptguard-data/runs/all_new_sources/20261008-031313_promptguard_mock,
sessions_from_Nemotron-PII.jsonl,credsweeper,ml=off,ok,0.3086,0.6523,0.3449,6.0519,,,,,10.4,/Users/jungwoo/jw/CAU/26-2/CapstoneDesign/promptguard-data/runs/all_new_sources/20261008-031313_credsweeper_ml-off_all,
sessions_from_Nemotron-PII.jsonl,credsweeper,ml=on,ok,0.2121,0.7193,0.2469,3.0450,,,,,31.4,/Users/jungwoo/jw/CAU/26-2/CapstoneDesign/promptguard-data/runs/all_new_sources/20261008-031313_credsweeper_ml-on_all,
sessions_from_Nemotron-PII.jsonl,gitleaks,,ok,0.0975,0.7570,0.1181,1.1514,,,,,2.9,/Users/jungwoo/jw/CAU/26-2/CapstoneDesign/promptguard-data/runs/all_new_sources/20261008-031323_gitleaks,
sessions_from_Nemotron-PII.jsonl,oracle,,ok,1.0000,1.0000,1.0000,0.0000,,,,,0.4,/Users/jungwoo/jw/CAU/26-2/CapstoneDesign/promptguard-data/runs/all_new_sources/20261008-031323_oracle,
sessions_from_Nemotron-PII.jsonl,identity,,ok,0.0000,,,0.0000,,,,,0.3,/Users/jungwoo/jw/CAU/26-2/CapstoneDesign/promptguard-data/runs/all_new_sources/20261008-031324_identity,
sessions_from_openhands-feedback.jsonl,promptguard,predictor=mock,ok,0.9574,0.1991,0.5435,0.5261,,,,,17.0,/Users/jungwoo/jw/CAU/26-2/CapstoneDesign/promptguard-data/runs/all_new_sources/20261008-031324_promptguard_mock,
sessions_from_openhands-feedback.jsonl,credsweeper,ml=off,ok,1.0000,0.1382,0.4451,0.8516,,,,,20.2,/Users/jungwoo/jw/CAU/26-2/CapstoneDesign/promptguard-data/runs/all_new_sources/20261008-031324_credsweeper_ml-off_all,
sessions_from_openhands-feedback.jsonl,credsweeper,ml=on,ok,0.9787,0.4182,0.7718,0.1860,,,,,25.3,/Users/jungwoo/jw/CAU/26-2/CapstoneDesign/promptguard-data/runs/all_new_sources/20261008-031341_credsweeper_ml-on_all,
sessions_from_openhands-feedback.jsonl,gitleaks,,ok,0.1064,0.7143,0.1282,0.0058,,,,,6.2,/Users/jungwoo/jw/CAU/26-2/CapstoneDesign/promptguard-data/runs/all_new_sources/20261008-031350_gitleaks,
sessions_from_openhands-feedback.jsonl,oracle,,ok,1.0000,1.0000,1.0000,0.0000,,,,,0.4,/Users/jungwoo/jw/CAU/26-2/CapstoneDesign/promptguard-data/runs/all_new_sources/20261008-031345_oracle,
sessions_from_openhands-feedback.jsonl,identity,,ok,0.0000,,,0.0000,,,,,0.3,/Users/jungwoo/jw/CAU/26-2/CapstoneDesign/promptguard-data/runs/all_new_sources/20261008-031345_identity,
sessions_from_SWE-Gym.jsonl,promptguard,predictor=mock,ok,1.0000,0.0039,0.0190,0.8533,,,,,25.7,/Users/jungwoo/jw/CAU/26-2/CapstoneDesign/promptguard-data/runs/all_new_sources/20261008-031346_promptguard_mock,
sessions_from_SWE-Gym.jsonl,credsweeper,ml=off,ok,1.0000,0.0027,0.0135,1.2122,,,,,33.2,/Users/jungwoo/jw/CAU/26-2/CapstoneDesign/promptguard-data/runs/all_new_sources/20261008-031351_credsweeper_ml-off_all,
sessions_from_SWE-Gym.jsonl,credsweeper,ml=on,ok,1.0000,0.0075,0.0365,0.4366,,,,,39.5,/Users/jungwoo/jw/CAU/26-2/CapstoneDesign/promptguard-data/runs/all_new_sources/20261008-031406_credsweeper_ml-on_all,
sessions_from_SWE-Gym.jsonl,gitleaks,,ok,1.0000,0.0909,0.3333,0.0331,,,,,9.9,/Users/jungwoo/jw/CAU/26-2/CapstoneDesign/promptguard-data/runs/all_new_sources/20261008-031421_gitleaks,
sessions_from_SWE-Gym.jsonl,oracle,,ok,1.0000,1.0000,1.0000,0.0000,,,,,0.5,/Users/jungwoo/jw/CAU/26-2/CapstoneDesign/promptguard-data/runs/all_new_sources/20261008-031421_oracle,
sessions_from_SWE-Gym.jsonl,identity,,ok,0.0000,,,0.0000,,,,,0.4,/Users/jungwoo/jw/CAU/26-2/CapstoneDesign/promptguard-data/runs/all_new_sources/20261008-031422_identity,
sessions_from_noseyparker.jsonl,promptguard,predictor=mock,ok,0.7749,0.7584,0.7716,88.2629,,,,,2.3,/Users/jungwoo/jw/CAU/26-2/CapstoneDesign/promptguard-data/runs/all_new_sources/20261008-031422_promptguard_mock,
sessions_from_noseyparker.jsonl,credsweeper,ml=off,ok,0.7892,0.7487,0.7807,92.9577,,,,,2.2,/Users/jungwoo/jw/CAU/26-2/CapstoneDesign/promptguard-data/runs/all_new_sources/20261008-031424_credsweeper_ml-off_all,
sessions_from_noseyparker.jsonl,credsweeper,ml=on,ok,0.7265,0.8464,0.7477,46.0094,,,,,7.9,/Users/jungwoo/jw/CAU/26-2/CapstoneDesign/promptguard-data/runs/all_new_sources/20261008-031424_credsweeper_ml-on_all,
sessions_from_noseyparker.jsonl,gitleaks,,ok,0.6268,0.8871,0.6659,26.2911,,,,,0.5,/Users/jungwoo/jw/CAU/26-2/CapstoneDesign/promptguard-data/runs/all_new_sources/20261008-031426_gitleaks,
sessions_from_noseyparker.jsonl,oracle,,ok,1.0000,1.0000,1.0000,0.0000,,,,,0.1,/Users/jungwoo/jw/CAU/26-2/CapstoneDesign/promptguard-data/runs/all_new_sources/20261008-031427_oracle,
sessions_from_noseyparker.jsonl,identity,,ok,0.0000,,,0.0000,,,,,0.1,/Users/jungwoo/jw/CAU/26-2/CapstoneDesign/promptguard-data/runs/all_new_sources/20261008-031427_identity,
